Código,Grupo,Título,Naturaleza,Etapa,Referencia TRD,Estado,Versión,Fecha,Archivo,Tamaño bytes,SHA-256
JC-GU-01-PROV,Guía y publicación,Guía de publicación y uso transitorio de formatos contractuales,Guía institucional,Transversal,230-15 / 230-37 / 230-52,Borrador transitorio - en proceso de aprobación,0.1,2026-07-31,00_Guia_Publicacion_Uso_Transitorio_ITA_3_5.docx,865543,4512976de7e809ac46d7ccb946db6c2c750b95427c7588a80d1cb965c4fd86bd
JC-FT-01-PROV,Planeación precontractual,Formato de estudios y documentos previos,Formato,Planeación,230-15 según tipología contractual,Borrador transitorio - en proceso de aprobación,0.1,2026-07-31,01_Formato_Estudios_Documentos_Previos.docx,863498,c70c3116ed87b36f40de506bb1ad941c9063b192c6b3bb371379573c55fe3ed3
JC-FT-02-PROV,Planeación precontractual,Formato de análisis del sector y estudio de mercado,Formato,Planeación,230-15 - expediente contractual,Borrador transitorio - en proceso de aprobación,0.1,2026-07-31,02_Formato_Analisis_Sector_Estudio_Mercado.docx,863465,13fd40be00ee66e4c69d42548c7e578e2a33eb1f1ff2711fb63db53d798dd71b
JC-FT-03-PROV,Planeación precontractual,Ficha de aplicabilidad de Documentos Tipo,Ficha de control,Planeación,230-15 - expediente contractual,Borrador transitorio - en proceso de aprobación,0.1,2026-07-31,03_Ficha_Aplicabilidad_Documentos_Tipo.docx,862609,c07221ed35ef5fd47da1b4a0d7a4f0ea6ac778f1beabd181f881187ef6e21df8
JC-FT-04-PROV,Pliegos y selección,Modelo de invitación pública de mínima cuantía,Modelo de selección,Selección,230-15-03 / 04 / 05 / 06 según objeto,Borrador transitorio - en proceso de aprobación,0.1,2026-07-31,04_Modelo_Invitacion_Publica_Minima_Cuantia.docx,862545,6b80a68c4a3ebafe7d8209e63c195325c628ae25ef02d587a22d74673f4be82e
JC-FT-05-PROV,Pliegos y selección,Modelo base de pliego no sujeto a Documentos Tipo,Modelo de pliego,Selección,230-15 según tipología,Borrador transitorio - en proceso de aprobación,0.1,2026-07-31,05_Modelo_Base_Pliego_No_Sujeto_Documentos_Tipo.docx,863663,aa7f8fb8082290a4bc42cbb3a626138816a57f1a3d4ca3801b0f11eaa99e65ca
JC-FT-06-PROV,Pliegos y selección,Formato de informe de evaluación de ofertas,Formato,Selección,230-15 - evaluación,Borrador transitorio - en proceso de aprobación,0.1,2026-07-31,06_Formato_Informe_Evaluacion_Ofertas.docx,863889,438eeb401cbb7a61308f77c3c9fd6864163550d53ee32124be498da882b6b01a
JC-FT-07-PROV,Modelos de contrato,Modelo de contrato de servicios profesionales,Modelo de contrato,Contratación,230-15-02,Borrador transitorio - en proceso de aprobación,0.1,2026-07-31,07_Modelo_Contrato_Servicios_Profesionales.docx,863884,e4c1d67d45a6bd7f528e612422350318ff05f8184b89bcdeb23feb39271a8f4c
JC-FT-08-PROV,Modelos de contrato,Modelo de contrato de apoyo a la gestión,Modelo de contrato,Contratación,230-15-05,Borrador transitorio - en proceso de aprobación,0.1,2026-07-31,08_Modelo_Contrato_Apoyo_Gestion.docx,863905,dffc65fb55d42fb82a8d7ab308198474229d6b48070f2361f4335c5ad9330f86
JC-FT-09-PROV,Modelos de contrato,Modelo de contrato de suministro,Modelo de contrato,Contratación,230-15-04,Borrador transitorio - en proceso de aprobación,0.1,2026-07-31,09_Modelo_Contrato_Suministro.docx,863966,c7703910c0beeb78f87f7977af18163b4d8c93b3015a1e3d936b28c40cc3efd7
JC-FT-10-PROV,Modelos de contrato,Modelo de contrato de obra pública,Modelo de contrato,Contratación,230-15-01,Borrador transitorio - en proceso de aprobación,0.1,2026-07-31,10_Modelo_Contrato_Obra_Publica.docx,864334,83941f7a3ae6e8c926e8afb435513d3960d07abd7e1bfba2cc4b5c6f85983117
JC-FT-11-PROV,Modelos de contrato,Modelo de contrato de consultoría e interventoría,Modelo de contrato,Contratación,230-15-06 / 230-52,Borrador transitorio - en proceso de aprobación,0.1,2026-07-31,11_Modelo_Contrato_Consultoria_Interventoria.docx,864165,c4e7931c660ea596cbe1e09cdfa9138c7f9bcbfbf1cbf5db9409a36fa41ea64a
JC-FT-12-PROV,Ejecución y supervisión,Formato de acta de inicio,Acta,Ejecución,230-15-01 a 230-15-07,Borrador transitorio - en proceso de aprobación,0.1,2026-07-31,12_Formato_Acta_Inicio.docx,861832,fdc174869598e4566350190119a0afd1fbdc22dcff79d0f72e8d1b693b37be49
JC-FT-13-PROV,Ejecución y supervisión,Formato de acta de suspensión,Acta,Ejecución,230-15-01 a 230-15-07,Borrador transitorio - en proceso de aprobación,0.1,2026-07-31,13_Formato_Acta_Suspension.docx,861826,ce46f13e2bd34b151f31cc93145fc3ed0e1bf8431406d536c607d8e7fbc9eff8
JC-FT-14-PROV,Ejecución y supervisión,Formato de acta de reinicio,Acta,Ejecución,230-15-01 a 230-15-07,Borrador transitorio - en proceso de aprobación,0.1,2026-07-31,14_Formato_Acta_Reinicio.docx,861696,87ba81e77553a87c5ac7d50f070f45725f10ec6e20027883f113e5ab78f51ac6
JC-FT-15-PROV,Ejecución y supervisión,"Solicitud de modificación, adición o prórroga",Formato de justificación,Ejecución,230-15-01 a 230-15-07,Borrador transitorio - en proceso de aprobación,0.1,2026-07-31,15_Formato_Solicitud_Modificacion_Adicion_Prorroga.docx,862010,10c98b0bf01b697c5ae7057357a255a318e2b1fd509fbfccf49ca70c7c8f1ee4
JC-FT-16-PROV,Ejecución y supervisión,Formato de informe periódico del contratista,Informe,Ejecución,230-15-02 / 05 / 06,Borrador transitorio - en proceso de aprobación,0.1,2026-07-31,16_Formato_Informe_Contratista.docx,862981,fd11e2da9485f9e0b25259ad7adb2fcc5ec7da51baf34ad208021fe57f160ce0
JC-FT-17-PROV,Ejecución y supervisión,Informe de supervisión o interventoría,Informe,Ejecución,230-15-01 a 230-15-07 / 230-52,Borrador transitorio - en proceso de aprobación,0.1,2026-07-31,17_Formato_Informe_Supervision_Interventoria.docx,864132,fc91afb508fe120290b2764cbcf88ae900794542ba8eda614a29f4d2d17389c0
JC-FT-18-PROV,Ejecución y supervisión,Certificación de cumplimiento y autorización de pago,Certificación,Ejecución,230-15-01 a 230-15-07,Borrador transitorio - en proceso de aprobación,0.1,2026-07-31,18_Formato_Certificacion_Cumplimiento_Pago.docx,862307,f833ff9a2b328f208b7cf8ea64c8f48963a3e89191c395adf6d15da8b7848048
JC-FT-19-PROV,Cierre y archivo,Acta de terminación y recibo final,Acta,Cierre,230-15-01 a 230-15-07,Borrador transitorio - en proceso de aprobación,0.1,2026-07-31,19_Formato_Acta_Terminacion_Recibo_Final.docx,861818,2119c1dccda8ba44fa9286444bc639424a4f6f1bcd68aaff7fb9d32a85702c01
JC-FT-20-PROV,Cierre y archivo,Acta de liquidación bilateral,Acta,Cierre,230-15-01 a 230-15-07,Borrador transitorio - en proceso de aprobación,0.1,2026-07-31,20_Formato_Acta_Liquidacion_Bilateral.docx,862359,f47d01dc6a972049eb8ec79f7facaaf4f2cd85d3c8dfe9c1d312ac493736dc31
JC-FT-21-PROV,Cierre y archivo,Lista de chequeo del expediente contractual,Lista de chequeo,Archivo,230-15 / 230-37-01 / 230-52,Borrador transitorio - en proceso de aprobación,0.1,2026-07-31,21_Lista_Chequeo_Expediente_Contractual.docx,865147,c070713d45db5c7cb64cc2883a883fbaa64fe562c9fdb6dae4fa32b0a4eaebcc
JC-FT-22-PROV,Guía y publicación,Declaración institucional de publicación transitoria,Declaración,Transversal,230-15 / 230-18 / 230-22,Borrador transitorio - en proceso de aprobación,0.1,2026-07-31,22_Declaracion_Publicacion_Transitoria.docx,862059,e5c5f0b988ab8adadb912c2ffe71aa148df4ed873048a37dd7994897d39f0ef9
MATRIZ-ITA-3-5,Matriz y control,Matriz maestra de formatos y modelos contractuales,Libro de control,Transversal,Instrumento de control; pendiente de codificación definitiva,Documento de control transitorio,0.1,2026-07-31,Matriz_Maestra_Formatos_Modelos_Contratacion_ITA.xlsx,51207,13b41e84ab4df284d9ef70f072d20139341fe65560e0382788f2dde8f538f8ab
